모음,가구,기능,보관종류,설치위치,프리팹,분리비고,삼각형수
홈오피스,홈오피스 책상,Surface,None,Floor,Assets/Gameplay/Item/Furniture/Surface/HomeOffice/Desk.prefab,상판 소품이 본체와 연결되어 원형 유지,107446
홈오피스,컴퓨터 세트,Display,None,Surface,Assets/Gameplay/Item/Furniture/Display/HomeOffice/ComputerSet.prefab,"모니터 받침대, 키보드, 마우스를 하나의 세트로 유지",75528
홈오피스,사무용 의자,Seating,None,Floor,Assets/Gameplay/Item/Furniture/Seating/HomeOffice/OfficeChair.prefab,,72452
홈오피스,탁상 조명,Lighting,None,Surface,Assets/Gameplay/Item/Furniture/Lighting/HomeOffice/DeskLamp.prefab,,35714
홈오피스,오픈 선반,Storage,General,Floor,Assets/Gameplay/Item/Furniture/Storage/General/HomeOffice/Shelf.prefab,,135104
홈오피스,책장,Storage,Books,Floor,Assets/Gameplay/Item/Furniture/Storage/Books/HomeOffice/Bookcase.prefab,,105026
홈오피스,서랍장,Storage,General,Floor,Assets/Gameplay/Item/Furniture/Storage/General/HomeOffice/DrawerUnit.prefab,,34606
홈오피스,벽 장식 보드,Decoration,None,Wall,Assets/Gameplay/Item/Furniture/Decoration/HomeOffice/WallOrganizer.prefab,,64938
홈오피스,스피커 A,Music,None,Surface,Assets/Gameplay/Item/Furniture/Music/HomeOffice/SpeakerA.prefab,,6048
홈오피스,스피커 B,Music,None,Surface,Assets/Gameplay/Item/Furniture/Music/HomeOffice/SpeakerB.prefab,,5944
홈오피스,패브릭 의자,Seating,None,Floor,Assets/Gameplay/Item/Furniture/Seating/HomeOffice/LoungeChair.prefab,,113666
안방,침대,Sleep,None,Floor,Assets/Gameplay/Item/Furniture/Sleep/Bedroom/Bed.prefab,,78774
안방,수납 벙커침대,"Sleep, Storage",General,Floor,Assets/Gameplay/Item/Furniture/Sleep/Bedroom/LoftBed.prefab,,117394
안방,옷장,Storage,Clothing,Floor,Assets/Gameplay/Item/Furniture/Storage/Clothing/Bedroom/Wardrobe.prefab,,9480
안방,서랍장,Storage,General,Floor,Assets/Gameplay/Item/Furniture/Storage/General/Bedroom/ChestOfDrawers.prefab,,79018
안방,전신거울,Decoration,None,Floor,Assets/Gameplay/Item/Furniture/Decoration/Bedroom/Mirror.prefab,,29724
안방,수납장,Storage,General,Floor,Assets/Gameplay/Item/Furniture/Storage/General/Bedroom/StorageShelf.prefab,,62706
안방,침대 협탁,Storage,General,Floor,Assets/Gameplay/Item/Furniture/Storage/General/Bedroom/BedsideCabinet.prefab,원본에 포함된 작은 협탁도 일반 수납으로 보존,39020
안방,러그,Decoration,None,Floor,Assets/Gameplay/Item/Furniture/Decoration/Bedroom/Rug.prefab,,8340
안방,장식용 화장대,Decoration,None,Floor,Assets/Gameplay/Item/Furniture/Decoration/Bedroom/Vanity.prefab,의자를 포함한 장식 세트; Seating 없음,90010
안방,빨래바구니,Decoration,None,Floor,Assets/Gameplay/Item/Furniture/Decoration/Bedroom/LaundryBasket.prefab,,47866
거실,TV 세트,Display,None,Floor,Assets/Gameplay/Item/Furniture/Display/LivingRoom/TVSet.prefab,TV장 및 연결된 장식 유지,61722
거실,장식 포함 원형 테이블,Decoration,None,Floor,Assets/Gameplay/Item/Furniture/Decoration/LivingRoom/CoffeeTableDecorated.prefab,장식과 상판이 하나의 연결 메시: 요청대로 Decoration,67418
거실,스탠드 조명,Lighting,None,Floor,Assets/Gameplay/Item/Furniture/Lighting/LivingRoom/FloorLamp.prefab,,14302
거실,소파,Seating,None,Floor,Assets/Gameplay/Item/Furniture/Seating/LivingRoom/Sofa.prefab,,72466
거실,회전 의자,Seating,None,Floor,Assets/Gameplay/Item/Furniture/Seating/LivingRoom/SwivelChair.prefab,,44816
거실,큰 화분,Decoration,None,Floor,Assets/Gameplay/Item/Furniture/Decoration/LivingRoom/Plant.prefab,,116736
거실,탁상 조명,Lighting,None,Surface,Assets/Gameplay/Item/Furniture/Lighting/LivingRoom/TableLamp.prefab,,8164
거실,그림 액자 A,Decoration,None,Wall,Assets/Gameplay/Item/Furniture/Decoration/LivingRoom/FrameA.prefab,,6832
거실,그림 액자 B,Decoration,None,Wall,Assets/Gameplay/Item/Furniture/Decoration/LivingRoom/FrameB.prefab,,2458
거실,그림 액자 C,Decoration,None,Wall,Assets/Gameplay/Item/Furniture/Decoration/LivingRoom/FrameC.prefab,,2032
거실,나무 프레임 의자,Seating,None,Floor,Assets/Gameplay/Item/Furniture/Seating/LivingRoom/Armchair.prefab,,51948
거실,장식 포함 작은 테이블,Decoration,None,Floor,Assets/Gameplay/Item/Furniture/Decoration/LivingRoom/SideTableDecorated.prefab,장식과 상판이 하나의 연결 메시: 요청대로 Decoration,38738
주방,주방 선반,Decoration,None,Floor,Assets/Gameplay/Item/Furniture/Decoration/Kitchen/Shelf.prefab,,88660
주방,가스레인지 아일랜드,Cooking,None,Floor,Assets/Gameplay/Item/Furniture/Cooking/Kitchen/CookingIsland.prefab,"가스레인지, 화분, 하부장이 연결되어 Cooking 세트 유지",93250
주방,전자레인지 선반,Cooking,None,Floor,Assets/Gameplay/Item/Furniture/Cooking/Kitchen/MicrowaveCabinet.prefab,전자레인지와 받침장이 연결되어 Cooking 세트 유지,152852
주방,식탁,Surface,None,Floor,Assets/Gameplay/Item/Furniture/Surface/Kitchen/DiningTable.prefab,상판 높이에서 장식을 절단하고 구멍을 메워 식탁만 보존,33642
주방,식탁 의자,Seating,None,Floor,Assets/Gameplay/Item/Furniture/Seating/Kitchen/DiningChair.prefab,,18984
주방,바 의자,Seating,None,Floor,Assets/Gameplay/Item/Furniture/Seating/Kitchen/Stool.prefab,,24724
주방,접시 받침대,Decoration,None,Surface,Assets/Gameplay/Item/Furniture/Decoration/Kitchen/DishRack.prefab,,113052
주방,싱크대,WaterSource,None,Floor,Assets/Gameplay/Item/Furniture/WaterSource/Kitchen/Sink.prefab,,136794
주방,냉장고,Storage,Food,Floor,Assets/Gameplay/Item/Furniture/Storage/Food/Kitchen/Fridge.prefab,,10148
주방,주방 벽 선반,Decoration,None,Wall,Assets/Gameplay/Item/Furniture/Decoration/Kitchen/WallCabinet.prefab,,98612
필수 가구,탁상 화병,Decoration,None,Surface,Assets/Gameplay/Item/Furniture/Decoration/Essentials/FlowerVase.prefab,,43952
필수 가구,탁상 오브제,Decoration,None,Surface,Assets/Gameplay/Item/Furniture/Decoration/Essentials/Sculpture.prefab,,6662
필수 가구,벽시계,Decoration,None,Wall,Assets/Gameplay/Item/Furniture/Decoration/Essentials/WallClock.prefab,,24020
필수 가구,행거,Storage,Clothing,Floor,Assets/Gameplay/Item/Furniture/Storage/Clothing/Essentials/CoatRack.prefab,,87898
필수 가구,벽 액자 A,Decoration,None,Wall,Assets/Gameplay/Item/Furniture/Decoration/Essentials/FrameA.prefab,,1914
필수 가구,벽 액자 B,Decoration,None,Wall,Assets/Gameplay/Item/Furniture/Decoration/Essentials/FrameB.prefab,,1130
필수 가구,벽 액자 C,Decoration,None,Wall,Assets/Gameplay/Item/Furniture/Decoration/Essentials/FrameC.prefab,,1130
필수 가구,신발장,Storage,Clothing,Floor,Assets/Gameplay/Item/Furniture/Storage/Clothing/Essentials/ShoeCabinet.prefab,,75956
필수 가구,쿠션,Decoration,None,Floor,Assets/Gameplay/Item/Furniture/Decoration/Essentials/Cushion.prefab,,39772
필수 가구,세탁기,Decoration,None,Floor,Assets/Gameplay/Item/Furniture/Decoration/Essentials/Washer.prefab,,17862
필수 가구,패브릭 박스,Storage,General,Floor,Assets/Gameplay/Item/Furniture/Storage/General/Essentials/FabricBox.prefab,,3820
필수 가구,나무 박스,Storage,General,Floor,Assets/Gameplay/Item/Furniture/Storage/General/Essentials/WoodBox.prefab,,4270
필수 가구,네모 바구니,Storage,General,Floor,Assets/Gameplay/Item/Furniture/Storage/General/Essentials/SquareBasket.prefab,,219342
필수 가구,동그란 바구니,Storage,General,Floor,Assets/Gameplay/Item/Furniture/Storage/General/Essentials/RoundBasket.prefab,,58772
필수 가구,화분 큰잎,Decoration,None,Floor,Assets/Gameplay/Item/Furniture/Decoration/Essentials/PlantLarge.prefab,,176310
필수 가구,화분 덩굴,Decoration,None,Floor,Assets/Gameplay/Item/Furniture/Decoration/Essentials/PlantTrailing.prefab,,38348
필수 가구,화분 작은잎,Decoration,None,Floor,Assets/Gameplay/Item/Furniture/Decoration/Essentials/PlantSmall.prefab,,55830
필수 가구,커튼,Decoration,None,Window,Assets/Gameplay/Item/Furniture/Decoration/Essentials/Curtain.prefab,,128332
